INSERT INTO mng_config (title, description, phone, fax, email, work_hour, post_code, addr1, addr2, biz_no, company_logo, program_ver, smtp_yn, smtp_host, smtp_user, smtp_pass, smtp_port, smtp_name, smtp_mail) VALUES ('회사', '회사 소개', '000-111-2222', '', 'email@test.com', '평일 9:00 ~ 18:00 토요일/공휴일 휴무', '00000', '서울 중구 세종로', '', '123-45-67890', '', '1', 'Y', '', '', '', '', '', '');

INSERT INTO mng_board (board_id, category, title, contents, main_image_id, url_link, pdf_file_id, youtube_link, comment_cnt, heart_cnt, hit_cnt, reg_date, notice_yn, del_yn, ins_id, ins_date, upd_id, upd_date) VALUES ('notice', null, '[안내] 202X년 상반기 시스템 정기 점검 안내', '<p>안녕하세요. [회사/서비스명] 운영팀입니다.</p><p>항상 저희 서비스를 이용해 주셔서 감사합니다.</p><p>보다 안정적인 서비스 제공을 위해 아래와 같이 시스템 점검이 진행될 예정입니다.</p><p>점검 일시: 202X년 X월 X일(요일) 00:00 ~ 00:00 (약 0시간)</p><p>영향 범위: 홈페이지 접속 및 서비스 일시 중단</p><p>참고 사항: 작업 상황에 따라 점검 시간이 단축되거나 연장될 수 있습니다.</p><p>이용에 불편을 드려 죄송하며, 더 나은 서비스로 보답하겠습니다.</p><p>감사합니다.&nbsp;</p>', '', null, '', null, 0, 0, 0, '20260316203213', 'N', 'N', 'system', '20260316203213', 'system', '20260316203213');
INSERT INTO mng_board (board_id, category, title, contents, main_image_id, url_link, pdf_file_id, youtube_link, comment_cnt, heart_cnt, hit_cnt, reg_date, notice_yn, del_yn, ins_id, ins_date, upd_id, upd_date) VALUES ('notice', null, '[공지] 추석 연휴 배송 및 고객센터 운영 안내', '<p>안녕하세요. [쇼핑몰명]입니다.</p><p>추석 연휴 배송 물량 증가로 인해 배송 일정을 안내드립니다.</p><ul><li>최종 발송일: X월 X일(요일) 오후 0시 이전 주문 건</li><li>업무 중단 기간: X월 X일(요일) ~ X월 X일(요일)</li><li>정상 업무 개시: X월 X일(요일)부터 순차적 배송 및 상담</li></ul>', '', null, '', null, 0, 0, 0, '20260316203246', 'N', 'N', 'system', '20260316203246', 'system', '20260316203246');
INSERT INTO mng_board (board_id, category, title, contents, main_image_id, url_link, pdf_file_id, youtube_link, comment_cnt, heart_cnt, hit_cnt, reg_date, notice_yn, del_yn, ins_id, ins_date, upd_id, upd_date) VALUES ('notice', null, '모임/동창회 공지 예시 (메시지형)', '<p>친구들 안녕! 어느덧 하반기가 되었네.</p><p>오랜만에 얼굴도 보고 회포도 풀 겸 모임을 가지려 해.</p><ul><li>일시: 11/15(토) 오후 6시</li><li>장소: 강남역 00식당 (지도 링크)</li><li>회비: 3만원 (계좌번호: OO은행 XXX-XXXX-XXX)&nbsp;</li></ul><p><b>참석 여부는 11/10까지 꼬옥~ 회신 부탁해!&nbsp;</b></p><p><br></p>', '', null, '', null, 0, 0, 0, '20260316203922', 'Y', 'N', 'system', '20260316203324', 'system', '20260316203922');
INSERT INTO mng_board (board_id, category, title, contents, main_image_id, url_link, pdf_file_id, youtube_link, comment_cnt, heart_cnt, hit_cnt, reg_date, notice_yn, del_yn, ins_id, ins_date, upd_id, upd_date) VALUES ('notice', null, '먹거리매장 시범사업 참여매장 현황', '<p>먹거리매장 시범사업 참여매장 현황</p><p>자세한 사항은 첨부파일을 참고해주시기 바랍니다.</p>', '', null, '', null, 0, 0, 0, '20260316203537', 'N', 'N', 'system', '20260316203537', 'system', '20260316203537');
INSERT INTO mng_board (board_id, category, title, contents, main_image_id, url_link, pdf_file_id, youtube_link, comment_cnt, heart_cnt, hit_cnt, reg_date, notice_yn, del_yn, ins_id, ins_date, upd_id, upd_date) VALUES ('notice', null, '사무실 휴무 안내', '<p>오는 3월 25일(수)은 내부 워크숍으로 인해 전 직원 재택근무를 실시합니다.</p><p>방문 및 전화 상담이 제한되오니 양해 부탁드립니다</p>', '', null, '', null, 0, 0, 0, '20260316203603', 'N', 'N', 'system', '20260316203603', 'system', '20260316203603');
INSERT INTO mng_board (board_id, category, title, contents, main_image_id, url_link, pdf_file_id, youtube_link, comment_cnt, heart_cnt, hit_cnt, reg_date, notice_yn, del_yn, ins_id, ins_date, upd_id, upd_date) VALUES ('notice', null, '정기 점검 안내', '<p>시스템 안정화를 위한 서버 점검이 4월 2일(목) 00:00~04:00에 진행됩니다.&nbsp;</p><p>해당 시간 동안 서비스 이용이 제한될 수 있습니다.</p>', '', null, '', null, 0, 0, 0, '20260316203655', 'N', 'N', 'system', '20260316203655', 'system', '20260316203655');
INSERT INTO mng_board (board_id, category, title, contents, main_image_id, url_link, pdf_file_id, youtube_link, comment_cnt, heart_cnt, hit_cnt, reg_date, notice_yn, del_yn, ins_id, ins_date, upd_id, upd_date) VALUES ('notice', null, '신입사원 환영회 공지', '<p>3월 20일(금) 오후 6시, 본사 대회의실에서 신입사원 환영회를 개최합니다.&nbsp;</p><p>전 직원 참석 부탁드립니다.</p>', '', null, '', null, 0, 0, 0, '20260316203709', 'N', 'N', 'system', '20260316203709', 'system', '20260316203709');
INSERT INTO mng_board (board_id, category, title, contents, main_image_id, url_link, pdf_file_id, youtube_link, comment_cnt, heart_cnt, hit_cnt, reg_date, notice_yn, del_yn, ins_id, ins_date, upd_id, upd_date) VALUES ('notice', null, '보안 교육 실시 안내', '<p>개인정보 보호 및 보안 강화를 위한 정기 교육이 3월 18일(수) 오후 2시에 진행됩니다.&nbsp;</p><p>필수 참석 대상자는 인사팀에서 별도 안내드립니다.</p>', '', null, '', null, 0, 0, 0, '20260316203904', 'Y', 'N', 'system', '20260316203722', 'system', '20260316203904');
INSERT INTO mng_board (board_id, category, title, contents, main_image_id, url_link, pdf_file_id, youtube_link, comment_cnt, heart_cnt, hit_cnt, reg_date, notice_yn, del_yn, ins_id, ins_date, upd_id, upd_date) VALUES ('notice', null, '사내 카페 운영시간 변경', '<p>4월부터 사내 카페 운영시간이 오전 8시~오후 6시로 변경됩니다.&nbsp;</p><p>이용에 참고 부탁드립니다.</p>', '', null, '', null, 0, 0, 0, '20260316203737', 'N', 'N', 'system', '20260316203737', 'system', '20260316203737');
INSERT INTO mng_board (board_id, category, title, contents, main_image_id, url_link, pdf_file_id, youtube_link, comment_cnt, heart_cnt, hit_cnt, reg_date, notice_yn, del_yn, ins_id, ins_date, upd_id, upd_date) VALUES ('notice', null, '연말 정산 서류 제출 안내', '<p>3월 31일까지 연말 정산 관련 서류를 인사팀에 제출해 주시기 바랍니다.&nbsp;</p><p>기한 내 미제출 시 불이익이 있을 수 있습니다.</p>', '', null, '', null, 0, 0, 0, '20260316203753', 'N', 'N', 'system', '20260316203753', 'system', '20260316203753');
INSERT INTO mng_board (board_id, category, title, contents, main_image_id, url_link, pdf_file_id, youtube_link, comment_cnt, heart_cnt, hit_cnt, reg_date, notice_yn, del_yn, ins_id, ins_date, upd_id, upd_date) VALUES ('notice', null, '사내 동호회 모집 공지', '<p>2026년 상반기 사내 동호회 신규 회원을 모집합니다.&nbsp;</p><p>관심 있는 직원은 3월 22일까지 신청서를 제출해 주세요.</p>', '', null, '', null, 0, 0, 0, '20260316203807', 'N', 'N', 'system', '20260316203807', 'system', '20260316203807');
INSERT INTO mng_board (board_id, category, title, contents, main_image_id, url_link, pdf_file_id, youtube_link, comment_cnt, heart_cnt, hit_cnt, reg_date, notice_yn, del_yn, ins_id, ins_date, upd_id, upd_date) VALUES ('notice', null, '회의실 예약 시스템 변경 안내', '<p>4월부터 새로운 회의실 예약 시스템이 도입됩니다.&nbsp;</p><p>사용 방법은 사내 포털 공지사항을 참고해 주세요.</p>', '', null, '', null, 0, 0, 0, '20260316203855', 'Y', 'N', 'system', '20260316203823', 'system', '20260316203855');
INSERT INTO mng_board (board_id, category, title, contents, main_image_id, url_link, pdf_file_id, youtube_link, comment_cnt, heart_cnt, hit_cnt, reg_date, notice_yn, del_yn, ins_id, ins_date, upd_id, upd_date) VALUES ('notice', null, '사내 방역 실시 안내', '<p>직원들의 안전을 위해 3월 19일(목) 오후 7시에 사무실 전체 방역을 실시합니다.&nbsp;</p><p>퇴근 시 개인 물품을 정리해 주시기 바랍니다.</p>', '', null, '', null, 0, 0, 0, '20260316203834', 'N', 'N', 'system', '20260316203834', 'system', '20260316203834');
INSERT INTO mng_board (board_id, category, title, contents, main_image_id, url_link, pdf_file_id, youtube_link, comment_cnt, heart_cnt, hit_cnt, reg_date, notice_yn, del_yn, ins_id, ins_date, upd_id, upd_date) VALUES ('notice', null, '사내 공모전 개최 안내', '<p>창의적인 아이디어 발굴을 위한 사내 공모전을 개최합니다.&nbsp;</p><p>접수 기간은 3월 15일~4월 10일이며, 우수 아이디어는 실제 프로젝트에 반영됩니다.</p>', '', null, '', null, 0, 0, 0, '20260316203849', 'N', 'N', 'system', '20260316203849', 'system', '20260316203849');
INSERT INTO mng_board (board_id, category, title, contents, main_image_id, url_link, pdf_file_id, youtube_link, comment_cnt, heart_cnt, hit_cnt, reg_date, notice_yn, del_yn, ins_id, ins_date, upd_id, upd_date) VALUES ('faq', null, '회원가입은 어떻게 하나요?', '<p>홈페이지 상단의 ‘회원가입’ 버튼을 클릭하시면 됩니다.</p><p>이메일과 비밀번호를 입력하고 인증 절차를 거치면 가입이 완료됩니다.</p><p>가입 후에는 프로필을 설정할 수 있습니다.</p><p>SNS 계정으로도 간편하게 가입 가능합니다.</p>', '', null, '', null, 0, 0, 0, '20260316204134', 'N', 'N', 'system', '20260316204051', 'system', '20260316204134');
INSERT INTO mng_board (board_id, category, title, contents, main_image_id, url_link, pdf_file_id, youtube_link, comment_cnt, heart_cnt, hit_cnt, reg_date, notice_yn, del_yn, ins_id, ins_date, upd_id, upd_date) VALUES ('faq', null, '비밀번호를 잊어버렸어요. 어떻게 해야 하나요?', '<p>- 비밀번호를 잊어버렸어요. 어떻게 해야 하나요?</p><p>로그인 화면에서 ‘비밀번호 찾기’를 클릭하세요.</p><p>가입 시 등록한 이메일을 입력하면 재설정 링크가 발송됩니다.</p><p>해당 링크를 통해 새로운 비밀번호를 설정할 수 있습니다.</p><p>보안을 위해 주기적으로 비밀번호를 변경하는 것을 권장합니다.</p>', '', null, '', null, 0, 0, 0, '20260316204104', 'N', 'N', 'system', '20260316204104', 'system', '20260316204104');
INSERT INTO mng_board (board_id, category, title, contents, main_image_id, url_link, pdf_file_id, youtube_link, comment_cnt, heart_cnt, hit_cnt, reg_date, notice_yn, del_yn, ins_id, ins_date, upd_id, upd_date) VALUES ('faq', null, '배송 기간은 얼마나 걸리나요?', '<p>- 배송 기간은 얼마나 걸리나요?</p><p>일반적으로 주문 후 2~3일 내에 배송됩니다.</p><p>지역에 따라 배송 기간은 달라질 수 있습니다.</p><p>명절이나 연휴에는 배송이 지연될 수 있습니다.</p><p>배송 조회는 마이페이지에서 가능합니다.</p>', '', null, '', null, 0, 0, 0, '20260316204142', 'N', 'N', 'system', '20260316204114', 'system', '20260316204142');
INSERT INTO mng_board (board_id, category, title, contents, main_image_id, url_link, pdf_file_id, youtube_link, comment_cnt, heart_cnt, hit_cnt, reg_date, notice_yn, del_yn, ins_id, ins_date, upd_id, upd_date) VALUES ('faq', null, '환불은 어떻게 진행되나요?', '<p>- 환불은 어떻게 진행되나요?</p><p>상품 수령 후 7일 이내에 환불 신청이 가능합니다.</p><p>단, 사용 흔적이나 훼손이 있는 경우 환불이 제한됩니다.</p><p>환불 신청은 고객센터 또는 마이페이지에서 가능합니다.</p><p>환불 완료까지는 영업일 기준 3~5일 정도 소요됩니다.</p>', '', null, '', null, 0, 0, 0, '20260316204150', 'N', 'N', 'system', '20260316204124', 'system', '20260316204150');
INSERT INTO mng_board (board_id, category, title, contents, main_image_id, url_link, pdf_file_id, youtube_link, comment_cnt, heart_cnt, hit_cnt, reg_date, notice_yn, del_yn, ins_id, ins_date, upd_id, upd_date) VALUES ('faq', null, '고객센터 운영 시간은 언제인가요?', '<p>-&nbsp;고객센터 운영 시간은 언제인가요?</p><p>평일 오전 9시부터 오후 6시까지 운영됩니다.</p><p>점심시간은 12시~1시로 전화 연결이 어려울 수 있습니다.</p><p>토요일과 공휴일은 휴무입니다.</p>', '', null, '', null, 0, 0, 0, '20260316204208', 'N', 'N', 'system', '20260316204208', 'system', '20260316204208');
INSERT INTO mng_board (board_id, category, title, contents, main_image_id, url_link, pdf_file_id, youtube_link, comment_cnt, heart_cnt, hit_cnt, reg_date, notice_yn, del_yn, ins_id, ins_date, upd_id, upd_date) VALUES ('faq', null, '포인트는 어떻게 적립되나요?', '<p>- 포인트는 어떻게 적립되나요?</p><p>상품 구매 시 결제 금액의 일정 비율이 포인트로 적립됩니다.</p><p>이벤트 참여 시 추가 포인트를 받을 수 있습니다.</p><p>적립된 포인트는 다음 구매 시 현금처럼 사용 가능합니다.</p><p>포인트 유효기간은 적립일로부터 1년입니다.</p>', '', null, '', null, 0, 0, 0, '20260316204223', 'N', 'N', 'system', '20260316204223', 'system', '20260316204223');
INSERT INTO mng_board (board_id, category, title, contents, main_image_id, url_link, pdf_file_id, youtube_link, comment_cnt, heart_cnt, hit_cnt, reg_date, notice_yn, del_yn, ins_id, ins_date, upd_id, upd_date) VALUES ('faq', null, '해외 배송도 가능한가요?', '<p>- 해외 배송도 가능한가요?</p><p>일부 국가에 한해 해외 배송을 지원합니다.</p><p>배송 가능 국가 목록은 홈페이지에서 확인할 수 있습니다.</p><p>해외 배송은 국내보다 기간이 길어질 수 있습니다.</p><p>추가 배송비가 발생할 수 있으니 참고 바랍니다.</p>', '', null, '', null, 0, 0, 0, '20260316204235', 'N', 'N', 'system', '20260316204235', 'system', '20260316204235');
INSERT INTO mng_board (board_id, category, title, contents, main_image_id, url_link, pdf_file_id, youtube_link, comment_cnt, heart_cnt, hit_cnt, reg_date, notice_yn, del_yn, ins_id, ins_date, upd_id, upd_date) VALUES ('faq', null, '상품 교환은 어떻게 하나요?', '<p>- 상품 교환은 어떻게 하나요?</p><p>교환은 상품 수령 후 7일 이내에 신청 가능합니다.</p><p>동일 상품의 사이즈나 색상 교환만 가능합니다.</p><p>교환 신청은 고객센터를 통해 접수해야 합니다.</p><p>교환 완료까지는 영업일 기준 5~7일 정도 소요됩니다.</p>', '', null, '', null, 0, 0, 0, '20260316204246', 'N', 'N', 'system', '20260316204246', 'system', '20260316204246');
INSERT INTO mng_board (board_id, category, title, contents, main_image_id, url_link, pdf_file_id, youtube_link, comment_cnt, heart_cnt, hit_cnt, reg_date, notice_yn, del_yn, ins_id, ins_date, upd_id, upd_date) VALUES ('faq', null, '이벤트 참여 방법을 알려주세요.', '<p>- 이벤트 참여 방법을 알려주세요.</p><p>이벤트는 홈페이지 공지사항에서 확인할 수 있습니다.</p><p>참여 조건과 방법은 이벤트별로 다릅니다.</p><p>응모 후 당첨자는 개별 연락을 통해 안내됩니다.</p><p>이벤트 참여 시 개인정보 제공에 동의해야 합니다.</p>', '', null, '', null, 0, 0, 0, '20260316204256', 'N', 'N', 'system', '20260316204256', 'system', '20260316204256');
INSERT INTO mng_board (board_id, category, title, contents, main_image_id, url_link, pdf_file_id, youtube_link, comment_cnt, heart_cnt, hit_cnt, reg_date, notice_yn, del_yn, ins_id, ins_date, upd_id, upd_date) VALUES ('faq', null, '뉴스레터 구독은 어떻게 하나요?', '<p>- 뉴스레터 구독은 어떻게 하나요?</p><p>홈페이지 하단의 ‘뉴스레터 구독’ 버튼을 클릭하세요.</p><p>이메일 주소를 입력하면 구독 신청이 완료됩니다.</p><p>매주 최신 소식과 이벤트 정보를 받아볼 수 있습니다.</p><p>구독 해지는 언제든지 이메일 하단 링크에서 가능합니다</p>', '', null, '', null, 0, 0, 0, '20260316204307', 'N', 'N', 'system', '20260316204307', 'system', '20260316204307');
INSERT INTO mng_board (board_id, category, title, contents, main_image_id, url_link, pdf_file_id, youtube_link, comment_cnt, heart_cnt, hit_cnt, reg_date, notice_yn, del_yn, ins_id, ins_date, upd_id, upd_date) VALUES ('faq', null, '회원 탈퇴는 어떻게 하나요?', '<p>&nbsp; &nbsp;마이페이지에서 ‘회원 탈퇴’ 메뉴를 선택하세요.&nbsp;&nbsp;</p><p>&nbsp; &nbsp;탈퇴 시 모든 포인트와 쿠폰은 소멸됩니다.&nbsp;&nbsp;</p><p>&nbsp; &nbsp;재가입은 언제든지 가능하지만 기존 데이터는 복구되지 않습니다.&nbsp;&nbsp;</p><p>&nbsp; &nbsp;탈퇴 후에도 일정 기간 동안 거래 기록은 보관됩니다.&nbsp;&nbsp;</p>', '', null, '', null, 0, 0, 0, '20260316204407', 'N', 'N', 'system', '20260316204407', 'system', '20260316204407');
INSERT INTO mng_board (board_id, category, title, contents, main_image_id, url_link, pdf_file_id, youtube_link, comment_cnt, heart_cnt, hit_cnt, reg_date, notice_yn, del_yn, ins_id, ins_date, upd_id, upd_date) VALUES ('faq', null, '쿠폰은 어떻게 사용하나요?', '<p>결제 화면에서 ‘쿠폰 적용’ 버튼을 클릭하세요.&nbsp;&nbsp;</p><p>보유 중인 쿠폰 목록이 자동으로 표시됩니다.&nbsp;&nbsp;</p><p>원하는 쿠폰을 선택하면 결제 금액에 반영됩니다.&nbsp;&nbsp;</p><p>일부 상품은 쿠폰 적용이 제한될 수 있습니다.&nbsp;&nbsp;</p>', '', null, '', null, 0, 0, 0, '20260316204423', 'N', 'N', 'system', '20260316204423', 'system', '20260316204423');
INSERT INTO mng_board (board_id, category, title, contents, main_image_id, url_link, pdf_file_id, youtube_link, comment_cnt, heart_cnt, hit_cnt, reg_date, notice_yn, del_yn, ins_id, ins_date, upd_id, upd_date) VALUES ('faq', null, '상품이 품절되면 어떻게 되나요?', '<p>품절 상품은 구매가 불가능합니다.&nbsp;&nbsp;</p><p>재입고 알림 신청을 통해 입고 시 안내를 받을 수 있습니다.&nbsp;&nbsp;</p><p>인기 상품은 빠르게 품절될 수 있으니 서둘러 구매하세요.&nbsp;&nbsp;</p><p>대체 상품을 추천받을 수도 있습니다.&nbsp;&nbsp;</p>', '', null, '', null, 0, 0, 0, '20260316204433', 'N', 'N', 'system', '20260316204433', 'system', '20260316204433');
INSERT INTO mng_board (board_id, category, title, contents, main_image_id, url_link, pdf_file_id, youtube_link, comment_cnt, heart_cnt, hit_cnt, reg_date, notice_yn, del_yn, ins_id, ins_date, upd_id, upd_date) VALUES ('faq', null, '배송 주소를 변경하고 싶어요.', '<p>주문 완료 후에는 주소 변경이 제한됩니다.&nbsp;&nbsp;</p><p>단, 배송 준비 전 단계라면 고객센터를 통해 변경 가능합니다.&nbsp;&nbsp;</p><p>이미 배송이 시작된 경우에는 변경이 불가능합니다.&nbsp;&nbsp;</p><p>주소 입력 시 오타가 없는지 꼭 확인해 주세요.&nbsp;&nbsp;</p>', '', null, '', null, 0, 0, 0, '20260316204444', 'N', 'N', 'system', '20260316204444', 'system', '20260316204444');
INSERT INTO mng_board (board_id, category, title, contents, main_image_id, url_link, pdf_file_id, youtube_link, comment_cnt, heart_cnt, hit_cnt, reg_date, notice_yn, del_yn, ins_id, ins_date, upd_id, upd_date) VALUES ('faq', null, '상품 리뷰는 어떻게 작성하나요?', '<p>상품 수령 후 마이페이지에서 리뷰 작성이 가능합니다.&nbsp;&nbsp;</p><p>사진과 함께 리뷰를 작성하면 추가 포인트가 지급됩니다.&nbsp;&nbsp;</p><p>리뷰는 다른 고객들에게 큰 도움이 됩니다.&nbsp;&nbsp;</p><p>부적절한 리뷰는 관리자에 의해 삭제될 수 있습니다.&nbsp;&nbsp;</p>', '', null, '', null, 0, 0, 0, '20260316204456', 'N', 'N', 'system', '20260316204456', 'system', '20260316204456');
INSERT INTO mng_board (board_id, category, title, contents, main_image_id, url_link, pdf_file_id, youtube_link, comment_cnt, heart_cnt, hit_cnt, reg_date, notice_yn, del_yn, ins_id, ins_date, upd_id, upd_date) VALUES ('faq', null, '결제 수단은 어떤 것이 있나요?', '<p>신용카드, 체크카드, 계좌이체, 간편결제를 지원합니다.&nbsp;&nbsp;</p><p>일부 이벤트 상품은 특정 결제 수단만 가능할 수 있습니다.&nbsp;&nbsp;</p><p>결제 오류 발생 시 고객센터로 문의해 주세요.&nbsp;&nbsp;</p><p>결제 내역은 마이페이지에서 확인 가능합니다.&nbsp;&nbsp;</p>', '', null, '', null, 0, 0, 0, '20260316204506', 'N', 'N', 'system', '20260316204506', 'system', '20260316204506');
INSERT INTO mng_board (board_id, category, title, contents, main_image_id, url_link, pdf_file_id, youtube_link, comment_cnt, heart_cnt, hit_cnt, reg_date, notice_yn, del_yn, ins_id, ins_date, upd_id, upd_date) VALUES ('faq', null, '상품 보증 기간은 어떻게 되나요?', '<p>7. **상품 보증 기간은 어떻게 되나요?**&nbsp;&nbsp;</p><p>상품별로 보증 기간은 상이합니다.&nbsp;&nbsp;</p><p>일반적으로 전자제품은 1년 보증이 제공됩니다.&nbsp;&nbsp;</p><p>보증 기간 내에는 무상 수리 또는 교환이 가능합니다.&nbsp;&nbsp;</p><p>보증서와 영수증을 반드시 보관해 주세요.&nbsp;&nbsp;</p>', '', null, '', null, 0, 0, 0, '20260316204604', 'Y', 'N', 'system', '20260316204520', 'system', '20260316204604');
INSERT INTO mng_board (board_id, category, title, contents, main_image_id, url_link, pdf_file_id, youtube_link, comment_cnt, heart_cnt, hit_cnt, reg_date, notice_yn, del_yn, ins_id, ins_date, upd_id, upd_date) VALUES ('faq', null, '알림 설정은 어떻게 하나요?', '<p>8. **알림 설정은 어떻게 하나요?**&nbsp;&nbsp;</p><p>마이페이지에서 ‘알림 설정’ 메뉴를 확인하세요.&nbsp;&nbsp;</p><p>이메일, 문자, 앱 푸시 알림을 개별적으로 설정할 수 있습니다.&nbsp;&nbsp;</p><p>원하지 않는 알림은 언제든지 해제 가능합니다.&nbsp;&nbsp;</p><p>중요한 공지사항은 기본적으로 발송됩니다.&nbsp;&nbsp;</p>', '', null, '', null, 0, 0, 0, '20260316204529', 'N', 'N', 'system', '20260316204529', 'system', '20260316204529');
INSERT INTO mng_board (board_id, category, title, contents, main_image_id, url_link, pdf_file_id, youtube_link, comment_cnt, heart_cnt, hit_cnt, reg_date, notice_yn, del_yn, ins_id, ins_date, upd_id, upd_date) VALUES ('faq', null, '상품이 파손되어 도착했어요', '<p>상품이 파손되어 도착했어요</p><p>즉시 고객센터로 사진과 함께 신고해 주세요.&nbsp;&nbsp;</p><p>파손 확인 후 교환 또는 환불이 진행됩니다.&nbsp;&nbsp;</p><p>배송 중 발생한 문제는 업체에서 책임집니다.&nbsp;&nbsp;</p><p>빠른 처리를 위해 수령 후 바로 확인해 주세요.&nbsp;&nbsp;</p>', '', null, '', null, 0, 0, 0, '20260316204541', 'N', 'N', 'system', '20260316204541', 'system', '20260316204541');
INSERT INTO mng_board (board_id, category, title, contents, main_image_id, url_link, pdf_file_id, youtube_link, comment_cnt, heart_cnt, hit_cnt, reg_date, notice_yn, del_yn, ins_id, ins_date, upd_id, upd_date) VALUES ('faq', null, '정기 구독 서비스는 어떻게 해지하나요?', '<p>마이페이지에서 ‘구독 관리’ 메뉴를 선택하세요.&nbsp;&nbsp;</p><p>해지 신청 후 다음 결제일부터 자동으로 중단됩니다.&nbsp;&nbsp;</p><p>이미 결제된 금액은 환불되지 않습니다.&nbsp;&nbsp;</p><p>해지 후에도 언제든지 다시 구독할 수 있습니다.&nbsp;&nbsp;</p>', '', null, '', null, 0, 0, 0, '20260316204552', 'N', 'N', 'system', '20260316204552', 'system', '20260316204552');
INSERT INTO mng_board (board_id, category, title, contents, main_image_id, url_link, pdf_file_id, youtube_link, comment_cnt, heart_cnt, hit_cnt, reg_date, notice_yn, del_yn, ins_id, ins_date, upd_id, upd_date) VALUES ('gallery', null, '갤러리1', '<p>갤러리1</p>', 'vnou0WF1SkZtPmPH2GG9Ej58NcZRMzY5', null, '', null, 0, 0, 0, '20260316204857', 'N', 'N', 'system', '20260316204651', 'system', '20260316204857');
INSERT INTO mng_board (board_id, category, title, contents, main_image_id, url_link, pdf_file_id, youtube_link, comment_cnt, heart_cnt, hit_cnt, reg_date, notice_yn, del_yn, ins_id, ins_date, upd_id, upd_date) VALUES ('gallery', null, '갤러리2', '<p>갤러리2</p>', 'Qca8NCatkm6XUPlubRkmWT5uIylUiRkv', null, '', null, 0, 0, 0, '20260316204909', 'N', 'N', 'system', '20260316204702', 'system', '20260316204909');
INSERT INTO mng_board (board_id, category, title, contents, main_image_id, url_link, pdf_file_id, youtube_link, comment_cnt, heart_cnt, hit_cnt, reg_date, notice_yn, del_yn, ins_id, ins_date, upd_id, upd_date) VALUES ('gallery', null, '갤러리3', '<p>갤러리3</p>', 'lv0u3Apmm4EMX9SbmeZfO92AM4Gd1Jzl', null, '', null, 0, 0, 0, '20260316204919', 'N', 'N', 'system', '20260316204713', 'system', '20260316204919');
INSERT INTO mng_board (board_id, category, title, contents, main_image_id, url_link, pdf_file_id, youtube_link, comment_cnt, heart_cnt, hit_cnt, reg_date, notice_yn, del_yn, ins_id, ins_date, upd_id, upd_date) VALUES ('gallery', null, '갤러리4', '<p>갤러리4</p>', 'TdlTNRy90aHstF5hPZ1BM7C8DxSMFah9', null, '', null, 0, 0, 0, '20260316204928', 'N', 'N', 'system', '20260316204726', 'system', '20260316204928');
INSERT INTO mng_board (board_id, category, title, contents, main_image_id, url_link, pdf_file_id, youtube_link, comment_cnt, heart_cnt, hit_cnt, reg_date, notice_yn, del_yn, ins_id, ins_date, upd_id, upd_date) VALUES ('gallery', null, '갤러리5', '<p>갤러리5</p>', 'V2NTIN2qILC2KQRniRBoE0wMW4heL99L', null, '', null, 0, 0, 0, '20260316204948', 'N', 'N', 'system', '20260316204738', 'system', '20260316204948');

INSERT INTO mng_slide (title, sub_title, contents, url_link, order_no, slide_file, start_date, end_date, display_yn, del_yn, ins_id, ins_date, upd_id, upd_date) VALUES ('슬라이드1', '슬라이드1 소제목', '슬라이드1 내용', '#', 1, 'rI7S0dD2ZCk3lKx2XBhOjHTVk1rcGSwO', '20000101000000', '99991231235959', 'Y', 'N', 'system', '20260316132604', 'system', '20260316132604');
INSERT INTO mng_slide (title, sub_title, contents, url_link, order_no, slide_file, start_date, end_date, display_yn, del_yn, ins_id, ins_date, upd_id, upd_date) VALUES ('슬라이드2', '슬라이드2 소제목', '슬라이드2 내용', '#', 2, 'q3xE1DYZapE3asnX5VTzxjWUAYFelAr7', '20000101000000', '99991231235959', 'Y', 'N', 'system', '20260316132623', 'system', '20260316132623');
INSERT INTO mng_slide (title, sub_title, contents, url_link, order_no, slide_file, start_date, end_date, display_yn, del_yn, ins_id, ins_date, upd_id, upd_date) VALUES ('슬라이드3', '슬라이드3 소제목', '슬라이드3 내용', '#', 3, '9ok4s4zwuXwpfoyflU3lL5nN8Fokfk2c', '20000101000000', '99991231235959', 'Y', 'N', 'system', '20260316132747', 'system', '20260316132747');
INSERT INTO mng_slide (title, sub_title, contents, url_link, order_no, slide_file, start_date, end_date, display_yn, del_yn, ins_id, ins_date, upd_id, upd_date) VALUES ('슬라이드4', '슬라이드4 소제목', '슬라이드4 내용', '#', 4, 'UPrCbGOjW2Huufn9bb7Atd8jWM02pw0W', '20000101000000', '99991231235959', 'Y', 'N', 'system', '20260316132809', 'system', '20260316132809');

INSERT INTO mng_popup (title, popup_file, url_link, disabled_hours, start_date, end_date, display_yn, del_yn, ins_id, ins_date, upd_id, upd_date) VALUES ('팝업1', 'WriGH1iDvOEzVllwoXFQ804rgZTbpD3W', '#', 24, '20000101000000', '99991231235959', 'Y', 'N', 'system', '20260316202628', 'system', '20260316210119');

INSERT INTO mng_contents (contents_id, meta_title, title, del_yn, ins_id, ins_date, upd_id, upd_date) VALUES ('intro', '소개', '소개', 'N', 'system', '20260316205711', 'system', '20260316205711');
INSERT INTO mng_contents (contents_id, meta_title, title, del_yn, ins_id, ins_date, upd_id, upd_date) VALUES ('history', '역사', '역사', 'N', 'system', '20260316205726', 'system', '20260316205726');

INSERT INTO mng_menu (menu_idx, upper_idx, language, idx1, idx2, order_no, menu_position, menu_name, url_link, del_yn, ins_id, ins_date, upd_id, upd_date) VALUES (1, 0, null, 1, 0, 1, 1, '소개', '/contents/intro', 'N', 'system', '20260316202103', 'system', '20260316202103');
INSERT INTO mng_menu (menu_idx, upper_idx, language, idx1, idx2, order_no, menu_position, menu_name, url_link, del_yn, ins_id, ins_date, upd_id, upd_date) VALUES (2, 1, null, 1, 2, 1, 2, '인사', '/contents/intro', 'N', 'system', '20260316202154', 'system', '20260316202154');
INSERT INTO mng_menu (menu_idx, upper_idx, language, idx1, idx2, order_no, menu_position, menu_name, url_link, del_yn, ins_id, ins_date, upd_id, upd_date) VALUES (3, 1, null, 1, 3, 2, 2, '역사', '/contents/history', 'N', 'system', '20260316202209', 'system', '20260316202209');
INSERT INTO mng_menu (menu_idx, upper_idx, language, idx1, idx2, order_no, menu_position, menu_name, url_link, del_yn, ins_id, ins_date, upd_id, upd_date) VALUES (4, 0, null, 4, 0, 2, 1, '게시판', '/board/notice/list', 'N', 'system', '20260316202223', 'system', '20260316202223');
INSERT INTO mng_menu (menu_idx, upper_idx, language, idx1, idx2, order_no, menu_position, menu_name, url_link, del_yn, ins_id, ins_date, upd_id, upd_date) VALUES (5, 4, null, 4, 5, 1, 2, '공지사항', '/board/notice/list', 'N', 'system', '20260316202236', 'system', '20260316202236');
INSERT INTO mng_menu (menu_idx, upper_idx, language, idx1, idx2, order_no, menu_position, menu_name, url_link, del_yn, ins_id, ins_date, upd_id, upd_date) VALUES (6, 0, null, 6, 0, 2, 1, '자주 하는 질문', '/board/faq/list', 'Y', 'system', '20260316202252', 'system', '20260316202259');
INSERT INTO mng_menu (menu_idx, upper_idx, language, idx1, idx2, order_no, menu_position, menu_name, url_link, del_yn, ins_id, ins_date, upd_id, upd_date) VALUES (7, 4, null, 4, 7, 2, 2, '자주 하는 질문', '/board/faq/list', 'N', 'system', '20260316202314', 'system', '20260316202314');
INSERT INTO mng_menu (menu_idx, upper_idx, language, idx1, idx2, order_no, menu_position, menu_name, url_link, del_yn, ins_id, ins_date, upd_id, upd_date) VALUES (8, 0, null, 8, 0, 3, 1, '갤러리', '/board/gallery/list', 'N', 'system', '20260316202357', 'system', '20260316202357');
INSERT INTO mng_menu (menu_idx, upper_idx, language, idx1, idx2, order_no, menu_position, menu_name, url_link, del_yn, ins_id, ins_date, upd_id, upd_date) VALUES (9, 0, null, 9, 0, 4, 1, '문의', '/inquiry/write', 'N', 'system', '20260316202503', 'system', '20260316202503');

INSERT INTO mng_board_file (board_idx, file_id) VALUES (4, 'N1gStIBylusuQgGED0z9xyr1vDRl2POz');
INSERT INTO mng_board_file (board_idx, file_id) VALUES (35, 'k0ppo4fGqmHI2YLH0Vyi8laUnyq9kWvv');
INSERT INTO mng_board_file (board_idx, file_id) VALUES (36, 'Q3FQw8OoFEuYPAWrILazwijdb2bD93Wo');
INSERT INTO mng_board_file (board_idx, file_id) VALUES (37, '9MbIieW7OqJSx2R7itrnPHzgeMfJq9wS');
INSERT INTO mng_board_file (board_idx, file_id) VALUES (38, '7nGpKuzeCZVjTUKV6OEShEkZWTWgjfh9');
INSERT INTO mng_board_file (board_idx, file_id) VALUES (39, 'GRNQ8jrwjzw7eS2y1DtFtt6YVBaAW4JU');

INSERT INTO mng_file (file_id, file_name_org, file_directory, file_name_uploaded, file_size, file_ext, image_width, image_height, mime_type, category, del_yn, ins_id, ins_date, upd_id, upd_date) VALUES ('rI7S0dD2ZCk3lKx2XBhOjHTVk1rcGSwO', '슬라이드1.png', '2026/03', '1773635161_60ec9c4186ed083a1dea.png', 1240183, 'png', 1400, 400, 'image/png', 'image', 'N', 'system', '20260316132601', 'system', '20260316132601');
INSERT INTO mng_file (file_id, file_name_org, file_directory, file_name_uploaded, file_size, file_ext, image_width, image_height, mime_type, category, del_yn, ins_id, ins_date, upd_id, upd_date) VALUES ('q3xE1DYZapE3asnX5VTzxjWUAYFelAr7', '슬라이드2.png', '2026/03', '1773635182_e3c0ecf757f29b9a48bf.png', 742058, 'png', 1400, 400, 'image/png', 'image', 'N', 'system', '20260316132622', 'system', '20260316132622');
INSERT INTO mng_file (file_id, file_name_org, file_directory, file_name_uploaded, file_size, file_ext, image_width, image_height, mime_type, category, del_yn, ins_id, ins_date, upd_id, upd_date) VALUES ('9ok4s4zwuXwpfoyflU3lL5nN8Fokfk2c', '슬라이드3.png', '2026/03', '1773635207_7c8b94ac722706e0e987.png', 828668, 'png', 1400, 400, 'image/png', 'image', 'N', 'system', '20260316132648', 'system', '20260316132648');
INSERT INTO mng_file (file_id, file_name_org, file_directory, file_name_uploaded, file_size, file_ext, image_width, image_height, mime_type, category, del_yn, ins_id, ins_date, upd_id, upd_date) VALUES ('UPrCbGOjW2Huufn9bb7Atd8jWM02pw0W', '슬라이드4.png', '2026/03', '1773635288_04968e6cd4d45cd2169d.png', 348898, 'png', 1400, 400, 'image/png', 'image', 'N', 'system', '20260316132808', 'system', '20260316132808');
INSERT INTO mng_file (file_id, file_name_org, file_directory, file_name_uploaded, file_size, file_ext, image_width, image_height, mime_type, category, del_yn, ins_id, ins_date, upd_id, upd_date) VALUES ('2l5XjmvzLG1KrwqzL4pBmwp48Nuekhqy', 'sample_logo.png', '2026/03', '1773635340_3aa02403c9a96309b9cc.png', 1179, 'png', 200, 40, 'image/png', 'image', 'N', 'system', '20260316132900', 'system', '20260316132900');
INSERT INTO mng_file (file_id, file_name_org, file_directory, file_name_uploaded, file_size, file_ext, image_width, image_height, mime_type, category, del_yn, ins_id, ins_date, upd_id, upd_date) VALUES ('NA5EMgFScAC7AYOH5mt1e7RxVcpVfRfo', '귀엽습니다.png', '2026/03', '1773660382_527556cbad4aa9a56e2d.png', 92747, 'png', 270, 223, 'image/png', 'image', 'N', 'system', '20260316202622', 'system', '20260316202622');
INSERT INTO mng_file (file_id, file_name_org, file_directory, file_name_uploaded, file_size, file_ext, image_width, image_height, mime_type, category, del_yn, ins_id, ins_date, upd_id, upd_date) VALUES ('N1gStIBylusuQgGED0z9xyr1vDRl2POz', '엑셀문서.xlsx', '2026/03', '1773660925_010854474be43c3eb435.xlsx', 9056, 'xlsx', 0, 0, 'application/vnd.openxmlformats-officedocument.spreadsheetml.sheet', 'file', 'N', 'system', '20260316203525', 'system', '20260316203525');
INSERT INTO mng_file (file_id, file_name_org, file_directory, file_name_uploaded, file_size, file_ext, image_width, image_height, mime_type, category, del_yn, ins_id, ins_date, upd_id, upd_date) VALUES ('k0ppo4fGqmHI2YLH0Vyi8laUnyq9kWvv', '이미지1.jpg', '2026/03', '1773661607_fad05495a14d2d90fdf0.jpg', 2202634, 'jpg', 1920, 1080, 'image/jpeg', 'image', 'N', 'system', '20260316204647', 'system', '20260316204647');
INSERT INTO mng_file (file_id, file_name_org, file_directory, file_name_uploaded, file_size, file_ext, image_width, image_height, mime_type, category, del_yn, ins_id, ins_date, upd_id, upd_date) VALUES ('Q3FQw8OoFEuYPAWrILazwijdb2bD93Wo', '이미지2.jpg', '2026/03', '1773661621_103380ed31faa336d8e5.jpg', 1232790, 'jpg', 1920, 1080, 'image/jpeg', 'image', 'N', 'system', '20260316204701', 'system', '20260316204701');
INSERT INTO mng_file (file_id, file_name_org, file_directory, file_name_uploaded, file_size, file_ext, image_width, image_height, mime_type, category, del_yn, ins_id, ins_date, upd_id, upd_date) VALUES ('9MbIieW7OqJSx2R7itrnPHzgeMfJq9wS', '이미지3 (2).jpg', '2026/03', '1773661632_a27bca2bc3ff8de0aeff.jpg', 297271, 'jpg', 375, 640, 'image/jpeg', 'image', 'N', 'system', '20260316204712', 'system', '20260316204712');
INSERT INTO mng_file (file_id, file_name_org, file_directory, file_name_uploaded, file_size, file_ext, image_width, image_height, mime_type, category, del_yn, ins_id, ins_date, upd_id, upd_date) VALUES ('7nGpKuzeCZVjTUKV6OEShEkZWTWgjfh9', '이미지4 (2).jpg', '2026/03', '1773661645_e330d5a6922deb3dcf6b.jpg', 196346, 'jpg', 375, 640, 'image/jpeg', 'image', 'N', 'system', '20260316204725', 'system', '20260316204725');
INSERT INTO mng_file (file_id, file_name_org, file_directory, file_name_uploaded, file_size, file_ext, image_width, image_height, mime_type, category, del_yn, ins_id, ins_date, upd_id, upd_date) VALUES ('GRNQ8jrwjzw7eS2y1DtFtt6YVBaAW4JU', '귀여움착즙.png', '2026/03', '1773661657_56db746a10e1e43ef46a.png', 59623, 'png', 270, 147, 'image/png', 'image', 'N', 'system', '20260316204737', 'system', '20260316204737');
INSERT INTO mng_file (file_id, file_name_org, file_directory, file_name_uploaded, file_size, file_ext, image_width, image_height, mime_type, category, del_yn, ins_id, ins_date, upd_id, upd_date) VALUES ('afXxlbd69HOaEep8s2uO7dGsfqJpN2ku', '마이크.png', '2026/03', '1773661727_5ad62475645b1d6d955e.png', 165744, 'png', 400, 400, 'image/png', 'image', 'N', 'system', '20260316204847', 'system', '20260316204847');
INSERT INTO mng_file (file_id, file_name_org, file_directory, file_name_uploaded, file_size, file_ext, image_width, image_height, mime_type, category, del_yn, ins_id, ins_date, upd_id, upd_date) VALUES ('vnou0WF1SkZtPmPH2GG9Ej58NcZRMzY5', '마이크.png', '2026/03', '1773661735_c3d26a22e2500c3aa12d.png', 165744, 'png', 400, 400, 'image/png', 'image', 'N', 'system', '20260316204855', 'system', '20260316204855');
INSERT INTO mng_file (file_id, file_name_org, file_directory, file_name_uploaded, file_size, file_ext, image_width, image_height, mime_type, category, del_yn, ins_id, ins_date, upd_id, upd_date) VALUES ('Qca8NCatkm6XUPlubRkmWT5uIylUiRkv', '축구공.png', '2026/03', '1773661745_4f49dff166fd721d2824.png', 99537, 'png', 400, 400, 'image/png', 'image', 'N', 'system', '20260316204905', 'system', '20260316204905');
INSERT INTO mng_file (file_id, file_name_org, file_directory, file_name_uploaded, file_size, file_ext, image_width, image_height, mime_type, category, del_yn, ins_id, ins_date, upd_id, upd_date) VALUES ('lv0u3Apmm4EMX9SbmeZfO92AM4Gd1Jzl', '커피.png', '2026/03', '1773661757_e8c790b948e7b9e92537.png', 363047, 'png', 400, 400, 'image/png', 'image', 'N', 'system', '20260316204917', 'system', '20260316204917');
INSERT INTO mng_file (file_id, file_name_org, file_directory, file_name_uploaded, file_size, file_ext, image_width, image_height, mime_type, category, del_yn, ins_id, ins_date, upd_id, upd_date) VALUES ('TdlTNRy90aHstF5hPZ1BM7C8DxSMFah9', '케이크.png', '2026/03', '1773661767_0c6aaee913fc41135da8.png', 221821, 'png', 400, 400, 'image/png', 'image', 'N', 'system', '20260316204927', 'system', '20260316204927');
INSERT INTO mng_file (file_id, file_name_org, file_directory, file_name_uploaded, file_size, file_ext, image_width, image_height, mime_type, category, del_yn, ins_id, ins_date, upd_id, upd_date) VALUES ('V2NTIN2qILC2KQRniRBoE0wMW4heL99L', '이미지5 (2).jpg', '2026/03', '1773661787_cac067b55828216d64c6.jpg', 290465, 'jpg', 375, 640, 'image/jpeg', 'image', 'N', 'system', '20260316204947', 'system', '20260316204947');
INSERT INTO mng_file (file_id, file_name_org, file_directory, file_name_uploaded, file_size, file_ext, image_width, image_height, mime_type, category, del_yn, ins_id, ins_date, upd_id, upd_date) VALUES ('IEf94incP6Vnv5PRjO5f7O2zyGDuIysY', '햇빛.png', '2026/03', '1773662421_e716715f6e7ce1333038.png', 150099, 'png', 270, 405, 'image/png', 'image', 'N', 'system', '20260316210021', 'system', '20260316210021');
INSERT INTO mng_file (file_id, file_name_org, file_directory, file_name_uploaded, file_size, file_ext, image_width, image_height, mime_type, category, del_yn, ins_id, ins_date, upd_id, upd_date) VALUES ('WriGH1iDvOEzVllwoXFQ804rgZTbpD3W', '20240725_155946.png', '2026/03', '1773662474_93bf26200b87407a6ad0.png', 442792, 'png', 800, 600, 'image/png', 'image', 'N', 'system', '20260316210114', 'system', '20260316210114');

INSERT INTO mng_board_config (board_id, type, category, category_yn, user_write, comment_write, title, meta_title, base_rows, reg_date_yn, file_cnt, file_upload_size_limit, file_upload_size_total, form_style, form_style_yn, write_point, comment_point, hit_edit_yn, hit_yn, heart_yn, pdf_yn, youtube_yn, url_link_yn, main_image_yn, del_yn, ins_id, ins_date, upd_id, upd_date) VALUES ('notice', 'board', '', 'N', 'N', 'N', '공지사항', '', 10, 'N', 10, 10, 100, '<p><br></p>', 'N', 5, 1, 'N', 'N', 'N', 'N', 'N', 'N', 'N', 'N', 'system', '20260316201848', 'system', '20260316201950');
INSERT INTO mng_board_config (board_id, type, category, category_yn, user_write, comment_write, title, meta_title, base_rows, reg_date_yn, file_cnt, file_upload_size_limit, file_upload_size_total, form_style, form_style_yn, write_point, comment_point, hit_edit_yn, hit_yn, heart_yn, pdf_yn, youtube_yn, url_link_yn, main_image_yn, del_yn, ins_id, ins_date, upd_id, upd_date) VALUES ('faq', 'faq', '', 'N', 'N', 'N', '자주 하는 질문', '', 10, 'N', 10, 10, 100, '<p><br></p>', 'N', 5, 1, 'N', 'N', 'N', 'N', 'N', 'N', 'N', 'N', 'system', '20260316201921', 'system', '20260316201921');
INSERT INTO mng_board_config (board_id, type, category, category_yn, user_write, comment_write, title, meta_title, base_rows, reg_date_yn, file_cnt, file_upload_size_limit, file_upload_size_total, form_style, form_style_yn, write_point, comment_point, hit_edit_yn, hit_yn, heart_yn, pdf_yn, youtube_yn, url_link_yn, main_image_yn, del_yn, ins_id, ins_date, upd_id, upd_date) VALUES ('gallery', 'gallery', '', 'N', 'N', 'N', '갤러리', '', 8, 'N', 10, 10, 100, '<p><br></p>', 'N', 5, 1, 'N', 'N', 'N', 'N', 'N', 'N', 'Y', 'N', 'system', '20260316202022', 'system', '20260316205143');

insert into mng_language (language_code, language_name, language_org, use_yn, ins_id, ins_date, upd_id, upd_date) values ('kor', '한국어', '한국어', 'Y', 'system', '20260316202044', 'system', '20260316202044');
insert into mng_language (language_code, language_name, language_org, use_yn, ins_id, ins_date, upd_id, upd_date) values ('eng', '영어', 'English', 'Y', 'system', '20260316202056', 'system', '20260316202056');
insert into mng_language (language_code, language_name, language_org, use_yn, ins_id, ins_date, upd_id, upd_date) values ('jpn', '일본어', '日本語', 'Y', 'system', '20260316202108', 'system', '20260316202108');
insert into mng_language (language_code, language_name, language_org, use_yn, ins_id, ins_date, upd_id, upd_date) values ('chn', '중국어', '中文', 'Y', 'system', '20260316202120', 'system', '20260316202120');
